{
	"id": "42532c63-a399-96f3-2e2c-7d36a20b8a42",
	"name": "user-service-app",
	"description": "",
	"order": [
		"400aa1d2-a61d-a398-df6a-45f7fe726561",
		"399eb349-6d8f-f5ff-994e-f17a0d3ac725",
		"db050968-499f-9718-10de-39b34cfe0f1a",
		"05ce6f70-8ca1-2f2b-6e33-0743d6fd08d9",
		"10d3dc7c-bf83-02e2-2fae-b086d3d6e67e",
		"2e42a9f7-1ccc-7aeb-a888-bb6dc531b760"
	],
	"folders": [],
	"folders_order": [],
	"timestamp": 1650799316504,
	"owner": 0,
	"public": false,
	"requests": [
		{
			"id": "05ce6f70-8ca1-2f2b-6e33-0743d6fd08d9",
			"headers": "Content-Type: application/json\n//test: ddd\n",
			"headerData": [
				{
					"key": "Content-Type",
					"value": "application/json",
					"description": "",
					"enabled": true
				},
				{
					"key": "test",
					"value": "ddd",
					"description": "",
					"enabled": false
				}
			],
			"url": "http://localhost:8080/users/name?firstName=naresh&lastName=sai",
			"queryParams": [
				{
					"key": "firstName",
					"value": "naresh",
					"equals": true,
					"description": "",
					"enabled": true
				},
				{
					"key": "lastName",
					"value": "sai",
					"equals": true,
					"description": "",
					"enabled": true
				}
			],
			"preRequestScript": null,
			"pathVariables": {},
			"pathVariableData": [],
			"method": "GET",
			"data": [],
			"dataMode": "raw",
			"version": 2,
			"tests": null,
			"currentHelper": "normal",
			"helperAttributes": {},
			"time": 1650907850861,
			"name": "getUserByname",
			"description": "",
			"collectionId": "42532c63-a399-96f3-2e2c-7d36a20b8a42",
			"responses": [],
			"rawModeData": " {\n       \n        \"lastName\": \"test\",\n        \"firstName\": \"fnamse\"\n    }"
		},
		{
			"id": "10d3dc7c-bf83-02e2-2fae-b086d3d6e67e",
			"headers": "Content-Type: application/json\n",
			"headerData": [
				{
					"key": "Content-Type",
					"value": "application/json",
					"description": "",
					"enabled": true
				}
			],
			"url": "http://localhost:8080/users/add-user-data",
			"queryParams": [],
			"preRequestScript": null,
			"pathVariables": {},
			"pathVariableData": [],
			"method": "POST",
			"data": [],
			"dataMode": "raw",
			"version": 2,
			"tests": null,
			"currentHelper": "normal",
			"helperAttributes": {},
			"time": 1650907962409,
			"name": "addemailphone",
			"description": "",
			"collectionId": "42532c63-a399-96f3-2e2c-7d36a20b8a42",
			"responses": [],
			"rawModeData": "{\n    \"id\": \"6266da714cb2aa376bac8e74\",\n    \"emailSet\": [\n        {\n            \"id\": 3,\n            \"mail\": \"testupdated@gmail.com\"\n        },\n        {\n            \"id\": 4,\n            \"mail\": \"updated@gmail.com\"\n        }\n    ]\n}"
		},
		{
			"id": "2e42a9f7-1ccc-7aeb-a888-bb6dc531b760",
			"headers": "Content-Type: application/json\n",
			"headerData": [
				{
					"key": "Content-Type",
					"value": "application/json",
					"description": "",
					"enabled": true
				}
			],
			"url": "http://localhost:8080/users/update-user-data",
			"queryParams": [],
			"preRequestScript": null,
			"pathVariables": {},
			"pathVariableData": [],
			"method": "PUT",
			"data": [],
			"dataMode": "raw",
			"version": 2,
			"tests": null,
			"currentHelper": "normal",
			"helperAttributes": {},
			"time": 1650907997504,
			"name": "updatemailphone",
			"description": "",
			"collectionId": "42532c63-a399-96f3-2e2c-7d36a20b8a42",
			"responses": [],
			"rawModeData": "{\n    \"id\": \"6266da714cb2aa376bac8e74\",\n    \"lastName\": \"sai\",\n    \"firstName\": \"naresh\",\n    \"phoneNumberSet\": [\n        {\n            \"id\": 1,\n            \"number\": \"93855\"\n        },\n        {\n            \"id\": 2,\n            \"number\": \"53678\"\n        }\n    ]\n}"
		},
		{
			"id": "399eb349-6d8f-f5ff-994e-f17a0d3ac725",
			"headers": "",
			"headerData": [],
			"url": "http://localhost:8080/users/6266da714cb2aa376bac8e74",
			"queryParams": [],
			"preRequestScript": null,
			"pathVariables": {},
			"pathVariableData": [],
			"method": "DELETE",
			"data": null,
			"dataMode": "params",
			"version": 2,
			"tests": null,
			"currentHelper": "normal",
			"helperAttributes": {},
			"time": 1650908137957,
			"name": "deleteUserbyId",
			"description": "",
			"collectionId": "42532c63-a399-96f3-2e2c-7d36a20b8a42",
			"responses": []
		},
		{
			"id": "400aa1d2-a61d-a398-df6a-45f7fe726561",
			"headers": "",
			"headerData": [],
			"url": "http://localhost:8080/users/6266da714cb2aa376bac8e74",
			"queryParams": [],
			"preRequestScript": null,
			"pathVariables": {},
			"pathVariableData": [],
			"method": "GET",
			"data": null,
			"dataMode": "params",
			"version": 2,
			"tests": null,
			"currentHelper": "normal",
			"helperAttributes": {},
			"time": 1650907789830,
			"name": "get-userbyid",
			"description": "",
			"collectionId": "42532c63-a399-96f3-2e2c-7d36a20b8a42",
			"responses": []
		},
		{
			"id": "db050968-499f-9718-10de-39b34cfe0f1a",
			"headers": "Content-Type: application/json\n",
			"headerData": [
				{
					"key": "Content-Type",
					"value": "application/json",
					"description": "",
					"enabled": true
				}
			],
			"url": "http://localhost:8080/users",
			"queryParams": [],
			"preRequestScript": null,
			"pathVariables": {},
			"pathVariableData": [],
			"method": "POST",
			"data": [],
			"dataMode": "raw",
			"version": 2,
			"tests": null,
			"currentHelper": "normal",
			"helperAttributes": {},
			"time": 1650907779924,
			"name": "create-user",
			"description": "",
			"collectionId": "42532c63-a399-96f3-2e2c-7d36a20b8a42",
			"responses": [],
			"rawModeData": "{\n   \n    \"lastName\": \"sai\",\n    \"firstName\": \"naresh\",\n    \"emailSet\": [\n        {\n            \"id\": 1,\n            \"mail\": \"test@gmail.com\"\n        },\n        {\n            \"id\": 2,\n            \"mail\": \"test1@gmail.com\"\n        }\n    ],\n    \"phoneNumberSet\": [\n        {\n            \"id\": 1,\n            \"number\": \"9855\"\n        },\n        {\n            \"id\": 2,\n            \"number\": \"5678\"\n        }\n    ]\n}"
		}
	]
}